filename,width,height,class,xmin,ymin,xmax,ymax
IMG_20191101_210131.jpg,1200,900,tablet,672,348,775,452
IMG_20191101_210131.jpg,1200,900,tablet,791,344,905,457
IMG_20191101_210131.jpg,1200,900,tablet,805,462,919,575
IMG_20191101_220209.jpg,1200,900,tablet,435,214,550,338
IMG_20191101_220209.jpg,1200,900,tablet,540,256,652,370
IMG_20191101_220209.jpg,1200,900,tablet,632,336,731,441
IMG_20191101_220209.jpg,1200,900,tablet,352,283,454,391
IMG_20191101_220209.jpg,1200,900,tablet,429,339,539,441
IMG_20191101_220209.jpg,1200,900,tablet,531,366,645,480
IMG_20191101_220209.jpg,1200,900,tablet,596,448,693,560
IMG_20191101_220209.jpg,1200,900,tablet,327,392,437,496
IMG_20191101_220209.jpg,1200,900,tablet,452,428,565,528
IMG_20191101_220209.jpg,1200,900,tablet,388,483,493,592
IMG_20191101_220209.jpg,1200,900,tablet,497,508,601,602
IMG_20191101_210909.jpg,1200,900,tablet,457,180,538,274
IMG_20191101_210909.jpg,1200,900,tablet,606,186,687,280
IMG_20191101_210909.jpg,1200,900,tablet,458,291,539,385
IMG_20191101_210909.jpg,1200,900,tablet,602,300,683,394
4124-pills-732x549-thumbnail.jpg,732,549,tablet,50,11,137,98
4124-pills-732x549-thumbnail.jpg,732,549,tablet,197,173,260,233
4124-pills-732x549-thumbnail.jpg,732,549,tablet,540,235,652,321
4124-pills-732x549-thumbnail.jpg,732,549,tablet,17,313,85,382
4124-pills-732x549-thumbnail.jpg,732,549,tablet,337,278,400,342
4124-pills-732x549-thumbnail.jpg,732,549,tablet,282,315,360,396
4124-pills-732x549-thumbnail.jpg,732,549,tablet,355,361,417,425
4124-pills-732x549-thumbnail.jpg,732,549,tablet,310,418,393,497
4124-pills-732x549-thumbnail.jpg,732,549,tablet,413,343,526,436
4124-pills-732x549-thumbnail.jpg,732,549,tablet,531,427,610,513
IMG_20191005_123352.jpg,1200,900,tablet,603,470,716,580
IMG_20191005_123352.jpg,1200,900,tablet,636,249,750,370
IMG_20191005_123352.jpg,1200,900,tablet,719,376,833,486
t_9_1.jpg,900,1200,tablet,302,206,415,321
t_9_1.jpg,900,1200,tablet,140,293,255,410
t_9_1.jpg,900,1200,tablet,231,446,358,562
t_9_1.jpg,900,1200,tablet,396,363,511,471
t_9_1.jpg,900,1200,tablet,330,603,440,712
t_9_1.jpg,900,1200,tablet,486,513,595,619
t_9_1.jpg,900,1200,tablet,420,751,536,856
t_9_1.jpg,900,1200,tablet,573,660,689,768
t_9_1.jpg,900,1200,tablet,508,890,617,1001
IMG_20191101_211254.jpg,900,1200,tablet,258,491,350,574
IMG_20191101_211254.jpg,900,1200,tablet,378,500,470,583
IMG_20191101_211254.jpg,900,1200,tablet,369,596,461,679
IMG_20191101_211254.jpg,900,1200,tablet,248,595,340,678
IMG_20191101_211254.jpg,900,1200,tablet,243,694,335,777
IMG_20191101_211254.jpg,900,1200,tablet,364,696,456,779
IMG_20191101_211254.jpg,900,1200,tablet,354,801,446,884
IMG_20191101_211254.jpg,900,1200,tablet,231,799,323,882
IMG_20191101_211254.jpg,900,1200,tablet,223,900,315,983
IMG_20191101_211254.jpg,900,1200,tablet,352,901,444,984
IMG_20191004_233316.jpg,1200,900,capsule,620,224,684,327
IMG_20191004_233316.jpg,1200,900,capsule,719,263,788,371
IMG_20191004_233316.jpg,1200,900,capsule,583,322,651,417
IMG_20191004_233316.jpg,1200,900,capsule,681,356,754,457
IMG_20191004_233316.jpg,1200,900,capsule,549,410,620,507
IMG_20191004_233316.jpg,1200,900,capsule,646,449,714,547
IMG_20191004_233316.jpg,1200,900,capsule,509,504,583,600
IMG_20191004_233316.jpg,1200,900,capsule,609,547,679,640
IMG_20190929_134700.jpg,900,1200,tablet,611,500,711,599
IMG_20190929_134700.jpg,900,1200,tablet,379,427,492,537
IMG_20190929_134700.jpg,900,1200,tablet,282,517,387,621
IMG_20190929_134700.jpg,900,1200,tablet,510,583,627,681
IMG_20190929_134700.jpg,900,1200,tablet,172,608,288,722
IMG_20190929_134700.jpg,900,1200,tablet,419,669,527,776
IMG_20190929_134700.jpg,900,1200,tablet,52,692,181,817
IMG_20190929_134700.jpg,900,1200,tablet,309,758,428,873
IMG_20190929_134700.jpg,900,1200,tablet,206,865,324,982
arthritis-medication.jpg,700,200,tablet,310,94,360,118
arthritis-medication.jpg,700,200,tablet,306,135,358,162
arthritis-medication.jpg,700,200,tablet,367,130,417,151
arthritis-medication.jpg,700,200,tablet,329,151,378,176
arthritis-medication.jpg,700,200,tablet,345,165,401,196
arthritis-medication.jpg,700,200,tablet,382,153,436,182
arthritis-medication.jpg,700,200,tablet,415,136,463,165
arthritis-medication.jpg,700,200,tablet,359,141,407,159
IMG_20191101_220622.jpg,900,1200,tablet,58,661,234,844
IMG_20191101_220622.jpg,900,1200,tablet,198,502,341,659
IMG_20191101_220622.jpg,900,1200,tablet,341,345,465,481
IMG_20191101_220622.jpg,900,1200,tablet,467,487,575,613
IMG_20191101_220622.jpg,900,1200,tablet,431,245,536,375
IMG_20191101_220622.jpg,900,1200,tablet,539,383,632,492
download (1).jpeg,225,225,tablet,15,76,47,111
download (1).jpeg,225,225,tablet,14,117,41,142
download (1).jpeg,225,225,tablet,49,142,72,165
download (1).jpeg,225,225,tablet,53,106,103,127
download (1).jpeg,225,225,tablet,54,55,96,79
download (1).jpeg,225,225,tablet,103,52,125,71
download (1).jpeg,225,225,tablet,67,82,96,104
download (1).jpeg,225,225,tablet,104,75,143,103
download (1).jpeg,225,225,tablet,145,56,178,77
download (1).jpeg,225,225,tablet,190,87,212,125
download (1).jpeg,225,225,tablet,154,82,174,99
download (1).jpeg,225,225,tablet,145,106,172,130
download (1).jpeg,225,225,tablet,174,132,198,154
download (1).jpeg,225,225,tablet,108,118,135,144
download (1).jpeg,225,225,capsule,97,147,148,171
IMG_20191005_123051.jpg,1200,900,tablet,395,302,541,446
IMG_20191005_123051.jpg,1200,900,tablet,565,277,693,400
IMG_20191005_123051.jpg,1200,900,tablet,443,472,565,595
IMG_20191005_123051.jpg,1200,900,tablet,599,438,727,558
IMG_20191005_123714.jpg,900,1200,tablet,282,232,398,324
IMG_20191005_123855.jpg,900,1200,tablet,376,269,486,378
IMG_20191005_123855.jpg,900,1200,tablet,524,321,641,433
IMG_20191005_123855.jpg,900,1200,tablet,329,398,452,522
IMG_20191005_123855.jpg,900,1200,tablet,496,447,612,567
IMG_20191005_123855.jpg,900,1200,tablet,291,550,417,669
IMG_20191005_123855.jpg,900,1200,tablet,457,593,581,717
IMG_20191005_123855.jpg,900,1200,tablet,236,702,364,836
IMG_20191005_123855.jpg,900,1200,tablet,424,748,552,886
IMG_20191101_220901.jpg,900,1200,tablet,232,418,362,495
IMG_20191101_220901.jpg,900,1200,tablet,255,533,387,618
IMG_20191101_220901.jpg,900,1200,tablet,284,657,415,742
IMG_20191101_220901.jpg,900,1200,tablet,299,785,453,875
IMG_20191101_220901.jpg,900,1200,tablet,332,918,487,1026
IMG_20191101_220901.jpg,900,1200,tablet,581,333,706,425
IMG_20191101_220901.jpg,900,1200,tablet,605,454,746,533
IMG_20191101_220901.jpg,900,1200,tablet,641,573,787,654
IMG_20191101_220901.jpg,900,1200,tablet,679,694,824,776
IMG_20191101_220901.jpg,900,1200,tablet,722,828,872,916
IMG_20191101_211521.jpg,1200,900,tablet,180,430,276,517
IMG_20191101_211521.jpg,1200,900,tablet,176,538,272,625
IMG_20191101_211521.jpg,1200,900,tablet,281,424,377,511
IMG_20191101_211521.jpg,1200,900,tablet,281,525,377,612
IMG_20191101_211521.jpg,1200,900,tablet,378,421,474,508
IMG_20191101_211521.jpg,1200,900,tablet,389,524,485,611
IMG_20191101_211521.jpg,1200,900,tablet,481,407,577,494
IMG_20191101_211521.jpg,1200,900,tablet,480,517,576,604
IMG_20191101_211521.jpg,1200,900,tablet,587,509,683,596
patient-pills.jpg,350,281,tablet,6,166,85,204
patient-pills.jpg,350,281,tablet,48,198,95,247
patient-pills.jpg,350,281,tablet,100,193,178,261
patient-pills.jpg,350,281,tablet,199,190,273,262
patient-pills.jpg,350,281,tablet,139,156,206,215
patient-pills.jpg,350,281,tablet,87,147,144,199
patient-pills.jpg,350,281,tablet,32,127,81,169
patient-pills.jpg,350,281,tablet,54,87,97,130
patient-pills.jpg,350,281,tablet,73,55,121,97
patient-pills.jpg,350,281,tablet,81,95,156,153
patient-pills.jpg,350,281,tablet,100,16,160,71
patient-pills.jpg,350,281,tablet,160,34,227,66
patient-pills.jpg,350,281,tablet,247,76,342,166
patient-pills.jpg,350,281,tablet,215,51,258,104
patient-pills.jpg,350,281,tablet,179,65,214,120
patient-pills.jpg,350,281,tablet,185,115,227,154
patient-pills.jpg,350,281,tablet,142,65,179,100
patient-pills.jpg,350,281,tablet,153,93,187,123
IMG_20191005_123114.jpg,1200,900,tablet,337,254,447,347
IMG_20191005_123114.jpg,1200,900,tablet,451,307,552,411
IMG_20191005_123114.jpg,1200,900,tablet,412,173,512,263
IMG_20191005_123114.jpg,1200,900,tablet,512,222,614,318
IMG_20191101_211543.jpg,1200,900,tablet,386,407,467,463
IMG_20191101_211543.jpg,1200,900,tablet,436,506,517,562
IMG_20191101_220906.jpg,900,1200,tablet,27,185,184,357
IMG_20191101_220906.jpg,900,1200,tablet,175,299,336,464
IMG_20191101_220906.jpg,900,1200,tablet,348,411,513,585
IMG_20191101_220906.jpg,900,1200,tablet,1,896,155,1119
IMG_20191005_123041.jpg,900,1200,tablet,277,178,442,343
IMG_20191005_123041.jpg,900,1200,tablet,462,181,623,353
IMG_20191005_123041.jpg,900,1200,tablet,256,369,417,521
IMG_20191005_123041.jpg,900,1200,tablet,439,378,609,544
d559443b-5086-480b-9235-9dbae5611b9b_1.67884ca29cd1e260292e43b15bc54dd5.jpeg,450,450,tablet,52,161,119,190
d559443b-5086-480b-9235-9dbae5611b9b_1.67884ca29cd1e260292e43b15bc54dd5.jpeg,450,450,tablet,131,161,200,189
d559443b-5086-480b-9235-9dbae5611b9b_1.67884ca29cd1e260292e43b15bc54dd5.jpeg,450,450,tablet,224,161,297,191
d559443b-5086-480b-9235-9dbae5611b9b_1.67884ca29cd1e260292e43b15bc54dd5.jpeg,450,450,tablet,309,159,379,189
d559443b-5086-480b-9235-9dbae5611b9b_1.67884ca29cd1e260292e43b15bc54dd5.jpeg,450,450,tablet,43,206,114,238
d559443b-5086-480b-9235-9dbae5611b9b_1.67884ca29cd1e260292e43b15bc54dd5.jpeg,450,450,tablet,126,206,198,240
d559443b-5086-480b-9235-9dbae5611b9b_1.67884ca29cd1e260292e43b15bc54dd5.jpeg,450,450,tablet,226,205,295,241
d559443b-5086-480b-9235-9dbae5611b9b_1.67884ca29cd1e260292e43b15bc54dd5.jpeg,450,450,tablet,312,204,385,235
d559443b-5086-480b-9235-9dbae5611b9b_1.67884ca29cd1e260292e43b15bc54dd5.jpeg,450,450,tablet,32,248,103,284
d559443b-5086-480b-9235-9dbae5611b9b_1.67884ca29cd1e260292e43b15bc54dd5.jpeg,450,450,tablet,119,248,195,288
d559443b-5086-480b-9235-9dbae5611b9b_1.67884ca29cd1e260292e43b15bc54dd5.jpeg,450,450,tablet,223,249,301,286
d559443b-5086-480b-9235-9dbae5611b9b_1.67884ca29cd1e260292e43b15bc54dd5.jpeg,450,450,tablet,315,246,391,282
IMG_20191101_220616.jpg,900,1200,tablet,321,288,399,361
IMG_20191101_220616.jpg,900,1200,tablet,436,313,516,397
IMG_20191101_220616.jpg,900,1200,tablet,587,343,682,432
IMG_20191101_220616.jpg,900,1200,tablet,725,365,823,464
IMG_20191101_220616.jpg,900,1200,tablet,551,464,638,553
IMG_20191101_220616.jpg,900,1200,tablet,679,498,788,593
IMG_20191101_220616.jpg,900,1200,tablet,49,953,104,1028
IMG_20191101_220616.jpg,900,1200,tablet,97,926,161,1013
IMG_20191101_220616.jpg,900,1200,tablet,85,1008,149,1090
IMG_20191101_220616.jpg,900,1200,tablet,74,833,135,897
IMG_20191101_220616.jpg,900,1200,tablet,36,878,96,952
IMG_20191005_122354.jpg,1200,900,capsule,396,421,485,529
IMG_20191005_122354.jpg,1200,900,capsule,501,403,595,516
IMG_20191005_122354.jpg,1200,900,capsule,611,376,710,496
IMG_20191005_122354.jpg,1200,900,capsule,759,480,858,606
IMG_20191005_122354.jpg,1200,900,capsule,638,504,736,621
IMG_20191005_122354.jpg,1200,900,capsule,524,524,616,639
IMG_20191005_122354.jpg,1200,900,capsule,418,544,504,653
IMG_20191005_123821.jpg,900,1200,tablet,272,276,403,408
IMG_20191005_123821.jpg,900,1200,tablet,438,316,564,439
IMG_20191005_123821.jpg,900,1200,tablet,261,442,388,550
IMG_20191005_123821.jpg,900,1200,tablet,411,463,532,579
IMG_20191005_123821.jpg,900,1200,tablet,240,568,356,682
IMG_20191005_123821.jpg,900,1200,tablet,395,603,511,705
IMG_20191005_123821.jpg,900,1200,tablet,232,695,332,784
IMG_20191005_123821.jpg,900,1200,tablet,382,724,480,818
IMG_20191005_123828.jpg,900,1200,tablet,436,323,553,440
IMG_20191005_123828.jpg,900,1200,tablet,574,390,699,517
IMG_20191005_123828.jpg,900,1200,tablet,349,448,463,569
IMG_20191005_123828.jpg,900,1200,tablet,488,538,603,660
IMG_20191005_123828.jpg,900,1200,tablet,270,586,378,704
IMG_20191005_123828.jpg,900,1200,tablet,405,681,513,798
IMG_20191005_123828.jpg,900,1200,tablet,182,717,296,840
IMG_20191005_123828.jpg,900,1200,tablet,313,821,428,948
IMG_20191101_210946.jpg,900,1200,tablet,264,472,363,572
IMG_20191101_210946.jpg,900,1200,tablet,208,582,307,682
IMG_20191101_210946.jpg,900,1200,tablet,320,637,419,737
IMG_20191101_210934.jpg,900,1200,tablet,517,357,628,466
IMG_20191101_210934.jpg,900,1200,tablet,509,494,620,603
IMG_20191101_210934.jpg,900,1200,tablet,339,495,450,604
IMG_20191101_210934.jpg,900,1200,tablet,337,640,448,749
IMG_20191101_210934.jpg,900,1200,tablet,524,644,635,753
IMG_20191101_210934.jpg,900,1200,tablet,522,806,634,927
IMG_20191101_210934.jpg,900,1200,tablet,335,800,447,921
IMG_20191101_210934.jpg,900,1200,tablet,325,974,443,1101
IMG_20191101_210934.jpg,900,1200,tablet,533,971,651,1098
t_9_5.jpg,900,1200,tablet,211,1,372,155
t_9_5.jpg,900,1200,tablet,443,8,602,158
t_9_5.jpg,900,1200,tablet,456,227,605,395
t_9_5.jpg,900,1200,tablet,202,217,364,377
t_9_5.jpg,900,1200,tablet,459,463,613,623
t_9_5.jpg,900,1200,tablet,190,456,361,626
t_9_5.jpg,900,1200,tablet,450,715,616,873
t_9_5.jpg,900,1200,tablet,187,715,349,876
t_9_5.jpg,900,1200,tablet,182,987,352,1150
IMG_20191005_122605.jpg,1200,900,tablet,505,274,580,343
IMG_20191005_122605.jpg,1200,900,tablet,511,366,593,449
IMG_20191005_122605.jpg,1200,900,tablet,366,386,451,458
IMG_20191005_122605.jpg,1200,900,tablet,515,483,609,569
IMG_20191005_122605.jpg,1200,900,tablet,359,507,450,589
IMG_20191101_210835.jpg,1200,900,tablet,521,80,584,145
IMG_20191101_210835.jpg,1200,900,tablet,458,144,521,209
IMG_20191101_210835.jpg,1200,900,tablet,466,271,529,336
IMG_20191101_210835.jpg,1200,900,tablet,467,384,530,449
IMG_20191101_210835.jpg,1200,900,tablet,417,440,480,505
IMG_20191101_210835.jpg,1200,900,tablet,470,488,533,553
IMG_20191101_210835.jpg,1200,900,tablet,533,543,596,608
IMG_20191101_210835.jpg,1200,900,tablet,527,436,590,501
IMG_20191101_210835.jpg,1200,900,tablet,526,322,589,387
IMG_20191101_210835.jpg,1200,900,tablet,520,206,583,271
IMG_20191101_210835.jpg,1200,900,tablet,580,142,643,207
IMG_20191101_210835.jpg,1200,900,tablet,577,267,640,332
IMG_20191101_210835.jpg,1200,900,tablet,584,379,647,444
IMG_20191101_210835.jpg,1200,900,tablet,589,492,652,557
IMG_20191101_210835.jpg,1200,900,tablet,641,545,704,610
IMG_20191101_210835.jpg,1200,900,tablet,640,435,703,500
IMG_20191101_210835.jpg,1200,900,tablet,645,326,708,391
IMG_20191101_210835.jpg,1200,900,tablet,645,207,708,272
IMG_20191101_210835.jpg,1200,900,tablet,641,80,704,145
IMG_20191101_210835.jpg,1200,900,tablet,769,73,832,138
IMG_20191101_210835.jpg,1200,900,tablet,699,139,762,204
IMG_20191101_210835.jpg,1200,900,tablet,760,201,823,266
IMG_20191101_210835.jpg,1200,900,tablet,698,261,761,326
IMG_20191101_210835.jpg,1200,900,tablet,760,324,823,389
IMG_20191101_210835.jpg,1200,900,tablet,700,376,763,441
IMG_20191101_210835.jpg,1200,900,tablet,756,437,819,502
IMG_20191101_210835.jpg,1200,900,tablet,701,498,764,563
IMG_20191101_210835.jpg,1200,900,tablet,755,543,818,608
IMG_20191101_210835.jpg,1200,900,tablet,812,494,875,559
IMG_20191101_210835.jpg,1200,900,tablet,858,553,921,618
IMG_20191101_210835.jpg,1200,900,tablet,868,427,931,492
IMG_20191101_210835.jpg,1200,900,tablet,817,374,880,439
IMG_20191101_210835.jpg,1200,900,tablet,873,316,936,381
IMG_20191101_210835.jpg,1200,900,tablet,818,264,881,329
IMG_20191101_210835.jpg,1200,900,tablet,880,194,943,259
IMG_20191101_210835.jpg,1200,900,tablet,824,147,887,212
IMG_20191101_210835.jpg,1200,900,tablet,886,75,949,140
IMG_20191101_220236.jpg,900,1200,tablet,528,536,576,595
IMG_20191101_220236.jpg,900,1200,tablet,562,547,619,594
IMG_20191101_220236.jpg,900,1200,tablet,538,588,595,625
IMG_20191101_220236.jpg,900,1200,tablet,554,613,612,650
IMG_20191101_220236.jpg,900,1200,tablet,20,802,55,834
IMG_20191101_220236.jpg,900,1200,tablet,140,723,169,753
IMG_20191101_220236.jpg,900,1200,tablet,121,744,147,773
IMG_20191101_220236.jpg,900,1200,tablet,174,738,205,768
IMG_20191101_220236.jpg,900,1200,tablet,150,750,179,779
IMG_20191101_220236.jpg,900,1200,tablet,74,804,108,843
IMG_20191101_220236.jpg,900,1200,tablet,184,801,220,835
IMG_20191101_220236.jpg,900,1200,tablet,115,772,144,804
IMG_20191101_220236.jpg,900,1200,tablet,141,778,173,812
IMG_20191101_220236.jpg,900,1200,tablet,106,802,137,833
IMG_20191101_220236.jpg,900,1200,tablet,92,833,123,866
IMG_20191101_220236.jpg,900,1200,tablet,124,831,153,863
IMG_20191005_123831.jpg,900,1200,tablet,641,463,724,549
IMG_20191005_123831.jpg,900,1200,tablet,658,586,748,670
IMG_20191005_123831.jpg,900,1200,tablet,527,467,612,556
IMG_20191005_123831.jpg,900,1200,tablet,539,598,626,683
IMG_20191005_123831.jpg,900,1200,tablet,404,470,495,560
IMG_20191005_123831.jpg,900,1200,tablet,415,601,506,690
IMG_20191005_123831.jpg,900,1200,tablet,276,472,366,567
IMG_20191005_123831.jpg,900,1200,tablet,282,605,379,706
IMG_20191005_122902.jpg,1200,900,tablet,598,324,680,403
IMG_20191005_122902.jpg,1200,900,tablet,696,286,769,354
IMG_20191005_122902.jpg,1200,900,tablet,771,408,848,473
IMG_20191005_122902.jpg,1200,900,tablet,672,448,756,523
IMG_20191005_124016.jpg,900,1200,tablet,215,352,305,438
IMG_20191005_124016.jpg,900,1200,tablet,138,476,221,558
IMG_20191005_124016.jpg,900,1200,tablet,319,423,410,510
IMG_20191005_124016.jpg,900,1200,tablet,434,493,532,591
IMG_20191005_124016.jpg,900,1200,tablet,561,574,660,672
IMG_20191005_124016.jpg,900,1200,tablet,240,546,326,636
IMG_20191005_124016.jpg,900,1200,tablet,347,624,444,720
IMG_20191005_124016.jpg,900,1200,tablet,467,714,574,816
IMG_20191005_124016.jpg,900,1200,tablet,602,810,711,918
IMG_20191101_220815.jpg,900,1200,tablet,256,238,356,331
IMG_20191101_220815.jpg,900,1200,tablet,456,228,567,325
IMG_20191101_220815.jpg,900,1200,tablet,255,416,360,521
IMG_20191101_220815.jpg,900,1200,tablet,462,404,579,511
IMG_20191101_220815.jpg,900,1200,tablet,255,611,370,725
IMG_20191101_220815.jpg,900,1200,tablet,479,609,579,713
IMG_20191101_220815.jpg,900,1200,tablet,265,825,367,931
IMG_20191101_220815.jpg,900,1200,tablet,481,821,593,928
IMG_20191101_220815.jpg,900,1200,tablet,281,1038,374,1142
IMG_20191101_220815.jpg,900,1200,tablet,496,1037,596,1133
IMG_20191101_211301.jpg,900,1200,tablet,426,468,504,548
IMG_20191101_211301.jpg,900,1200,tablet,501,557,579,637
IMG_20191101_211301.jpg,900,1200,tablet,348,542,426,622
IMG_20191101_211301.jpg,900,1200,tablet,432,621,510,701
IMG_20191101_211301.jpg,900,1200,tablet,281,605,359,685
IMG_20191101_211301.jpg,900,1200,tablet,350,680,428,760
IMG_20191101_211301.jpg,900,1200,tablet,200,668,278,748
IMG_20191101_211301.jpg,900,1200,tablet,290,756,368,836
IMG_20191101_211301.jpg,900,1200,tablet,118,737,196,817
IMG_20191101_211301.jpg,900,1200,tablet,204,825,282,905
IMG_20191101_210047.jpg,1200,900,tablet,234,315,348,415
IMG_20191101_210047.jpg,1200,900,tablet,367,318,481,418
IMG_20191101_210047.jpg,1200,900,tablet,226,487,340,587
IMG_20191101_210047.jpg,1200,900,tablet,361,487,475,587
IMG_20191101_211136.jpg,900,1200,tablet,380,453,426,494
IMG_20191101_211136.jpg,900,1200,tablet,443,509,489,550
IMG_20191101_211136.jpg,900,1200,tablet,380,512,426,553
IMG_20191101_211136.jpg,900,1200,tablet,313,516,359,557
IMG_20191101_211136.jpg,900,1200,tablet,252,578,298,619
IMG_20191101_211136.jpg,900,1200,tablet,318,582,364,623
IMG_20191101_211136.jpg,900,1200,tablet,379,573,425,614
IMG_20191101_211136.jpg,900,1200,tablet,448,573,494,614
IMG_20191101_211136.jpg,900,1200,tablet,512,571,558,612
IMG_20191101_211136.jpg,900,1200,tablet,578,629,624,670
IMG_20191101_211136.jpg,900,1200,tablet,513,631,559,672
IMG_20191101_211136.jpg,900,1200,tablet,453,636,499,677
IMG_20191101_211136.jpg,900,1200,tablet,379,635,425,676
IMG_20191101_211136.jpg,900,1200,tablet,315,640,361,681
IMG_20191101_211136.jpg,900,1200,tablet,253,638,299,679
IMG_20191101_211136.jpg,900,1200,tablet,183,643,229,684
IMG_20191101_211136.jpg,900,1200,tablet,120,711,166,752
IMG_20191101_211136.jpg,900,1200,tablet,185,711,231,752
IMG_20191101_211136.jpg,900,1200,tablet,252,708,298,749
IMG_20191101_211136.jpg,900,1200,tablet,318,704,365,751
IMG_20191101_211136.jpg,900,1200,tablet,380,705,427,752
IMG_20191101_211136.jpg,900,1200,tablet,453,699,500,746
IMG_20191101_211136.jpg,900,1200,tablet,517,698,564,745
IMG_20191101_211136.jpg,900,1200,tablet,584,695,631,742
IMG_20191101_211136.jpg,900,1200,tablet,590,761,637,808
IMG_20191101_211136.jpg,900,1200,tablet,526,764,573,811
IMG_20191101_211136.jpg,900,1200,tablet,453,763,500,810
IMG_20191101_211136.jpg,900,1200,tablet,381,774,428,821
IMG_20191101_211136.jpg,900,1200,tablet,317,771,364,818
IMG_20191101_211136.jpg,900,1200,tablet,253,774,300,821
IMG_20191101_211136.jpg,900,1200,tablet,187,775,234,822
IMG_20191101_211136.jpg,900,1200,tablet,252,840,299,887
IMG_20191101_211136.jpg,900,1200,tablet,317,843,364,890
IMG_20191101_211136.jpg,900,1200,tablet,386,837,433,884
IMG_20191101_211136.jpg,900,1200,tablet,459,841,506,888
IMG_20191101_211136.jpg,900,1200,tablet,384,915,431,962
IMG_20191101_211136.jpg,900,1200,tablet,317,915,364,962
IMG_20191005_123345.jpg,900,1200,tablet,346,266,476,403
IMG_20191005_123345.jpg,900,1200,tablet,498,284,646,433
IMG_20191005_123345.jpg,900,1200,tablet,453,473,600,620
IMG_20191101_210850.jpg,1200,900,tablet,744,217,840,321
IMG_20191101_210850.jpg,1200,900,tablet,741,385,837,489
IMG_20191101_210859.jpg,1200,900,tablet,662,253,788,390
IMG_20191101_210859.jpg,1200,900,tablet,819,255,945,392
IMG_20191101_210859.jpg,1200,900,tablet,805,406,931,543
IMG_20191005_123406.jpg,1200,900,tablet,271,190,477,380
IMG_20191005_123406.jpg,1200,900,tablet,537,250,735,452
IMG_20191005_123406.jpg,1200,900,tablet,473,504,683,720
IMG_20191005_123817.jpg,900,1200,tablet,298,289,422,411
IMG_20191005_123817.jpg,900,1200,tablet,466,342,585,455
IMG_20191005_123817.jpg,900,1200,tablet,285,450,406,579
IMG_20191005_123817.jpg,900,1200,tablet,448,489,564,608
IMG_20191005_123817.jpg,900,1200,tablet,245,621,377,742
IMG_20191005_123817.jpg,900,1200,tablet,422,629,548,768
IMG_20191005_123817.jpg,900,1200,tablet,216,792,338,916
IMG_20191005_123817.jpg,900,1200,tablet,409,803,524,921
t_9_2.jpg,1200,900,tablet,204,247,306,341
t_9_2.jpg,1200,900,tablet,160,411,259,514
t_9_2.jpg,1200,900,tablet,350,261,462,364
t_9_2.jpg,1200,900,tablet,517,276,633,386
t_9_2.jpg,1200,900,tablet,693,283,809,411
t_9_2.jpg,1200,900,tablet,312,431,423,546
t_9_2.jpg,1200,900,tablet,480,451,596,569
t_9_2.jpg,1200,900,tablet,660,473,784,606
t_9_2.jpg,1200,900,tablet,862,497,992,641
IMG_20191004_125327.jpg,900,1200,capsule,461,283,539,419
IMG_20191004_125327.jpg,900,1200,capsule,499,432,579,575
IMG_20191004_125327.jpg,900,1200,capsule,383,387,462,522
IMG_20191004_125327.jpg,900,1200,capsule,308,496,389,634
IMG_20191004_125327.jpg,900,1200,capsule,417,546,508,698
IMG_20191004_125327.jpg,900,1200,capsule,221,606,304,750
IMG_20191004_125327.jpg,900,1200,capsule,334,668,411,825
IMG_20191004_125327.jpg,900,1200,capsule,137,725,215,878
IMG_20191004_125327.jpg,900,1200,capsule,243,818,323,984
IMG_20191101_205924.jpg,1200,900,tablet,269,275,367,362
IMG_20191101_205924.jpg,1200,900,tablet,386,270,484,357
IMG_20191101_205924.jpg,1200,900,tablet,517,265,615,352
IMG_20191101_205924.jpg,1200,900,tablet,637,259,735,346
IMG_20191101_205924.jpg,1200,900,tablet,761,257,859,344
IMG_20191101_205924.jpg,1200,900,tablet,277,418,375,505
IMG_20191101_205924.jpg,1200,900,tablet,396,415,494,502
IMG_20191101_205924.jpg,1200,900,tablet,517,411,615,498
IMG_20191101_205924.jpg,1200,900,tablet,636,408,734,495
IMG_20191101_205924.jpg,1200,900,tablet,759,408,857,495
IMG_20191101_221019.jpg,900,1200,tablet,220,701,270,753
IMG_20191101_221019.jpg,900,1200,tablet,189,742,238,793
IMG_20191101_221019.jpg,900,1200,tablet,165,786,212,840
IMG_20191101_221019.jpg,900,1200,tablet,215,783,263,832
IMG_20191101_221019.jpg,900,1200,tablet,190,826,240,877
IMG_20191101_221019.jpg,900,1200,capsule,548,600,604,714
IMG_20191101_220710.jpg,1200,900,tablet,198,456,281,538
IMG_20191101_220710.jpg,1200,900,tablet,363,454,441,536
IMG_20191101_220710.jpg,1200,900,tablet,515,448,589,532
IMG_20191101_220710.jpg,1200,900,tablet,663,448,733,525
IMG_20191101_220710.jpg,1200,900,tablet,183,591,263,680
IMG_20191101_220710.jpg,1200,900,tablet,355,586,441,665
IMG_20191101_220710.jpg,1200,900,tablet,520,584,597,662
IMG_20191101_220710.jpg,1200,900,tablet,674,579,754,662
IMG_20191101_220710.jpg,1200,900,tablet,823,577,901,652
Prozac-pills.jpg,1200,915,capsule,132,281,370,446
Prozac-pills.jpg,1200,915,capsule,236,346,426,540
Prozac-pills.jpg,1200,915,capsule,221,516,511,634
Prozac-pills.jpg,1200,915,capsule,334,567,632,716
Prozac-pills.jpg,1200,915,capsule,546,573,817,773
Prozac-pills.jpg,1200,915,capsule,399,273,632,399
Prozac-pills.jpg,1200,915,capsule,364,320,613,450
Prozac-pills.jpg,1200,915,capsule,375,389,636,536
Prozac-pills.jpg,1200,915,capsule,552,448,801,581
Prozac-pills.jpg,1200,915,capsule,379,138,579,265
Prozac-pills.jpg,1200,915,capsule,466,157,650,277
Prozac-pills.jpg,1200,915,capsule,577,63,658,177
IMG_20191101_210108.jpg,1200,900,tablet,280,362,387,460
IMG_20191101_210108.jpg,1200,900,tablet,389,365,496,463
IMG_20191101_210108.jpg,1200,900,tablet,504,359,611,457
IMG_20191101_210108.jpg,1200,900,tablet,613,353,720,451
IMG_20191101_210108.jpg,1200,900,tablet,734,350,841,448
IMG_20191101_210108.jpg,1200,900,tablet,734,467,841,565
IMG_20191101_210108.jpg,1200,900,tablet,614,469,721,567
IMG_20191101_210108.jpg,1200,900,tablet,507,471,614,569
IMG_20191101_210108.jpg,1200,900,tablet,391,475,498,573
IMG_20191101_210806.jpg,900,1200,tablet,347,411,395,445
IMG_20191101_210806.jpg,900,1200,tablet,418,404,466,438
IMG_20191101_210806.jpg,900,1200,tablet,490,401,538,435
IMG_20191101_210806.jpg,900,1200,tablet,566,397,614,431
IMG_20191101_210806.jpg,900,1200,tablet,638,392,686,426
IMG_20191101_210806.jpg,900,1200,tablet,605,432,653,466
IMG_20191101_210806.jpg,900,1200,tablet,531,436,579,470
IMG_20191101_210806.jpg,900,1200,tablet,459,439,507,473
IMG_20191101_210806.jpg,900,1200,tablet,381,441,429,475
IMG_20191101_210806.jpg,900,1200,tablet,499,472,547,506
IMG_20191101_210806.jpg,900,1200,tablet,348,474,396,508
IMG_20191101_210806.jpg,900,1200,tablet,423,474,471,508
IMG_20191101_210806.jpg,900,1200,tablet,575,465,621,506
IMG_20191101_210806.jpg,900,1200,tablet,649,459,695,500
IMG_20191101_210806.jpg,900,1200,tablet,610,498,656,539
IMG_20191101_210806.jpg,900,1200,tablet,538,500,584,541
IMG_20191101_210806.jpg,900,1200,tablet,354,544,391,583
IMG_20191101_210806.jpg,900,1200,tablet,461,504,507,545
IMG_20191101_210806.jpg,900,1200,tablet,387,503,433,544
IMG_20191101_210806.jpg,900,1200,tablet,429,542,475,583
IMG_20191101_210806.jpg,900,1200,tablet,503,539,549,580
IMG_20191101_210806.jpg,900,1200,tablet,579,537,625,578
IMG_20191101_210806.jpg,900,1200,tablet,656,529,702,570
IMG_20191101_210806.jpg,900,1200,tablet,622,568,668,609
IMG_20191101_210806.jpg,900,1200,tablet,667,608,713,649
IMG_20191101_210806.jpg,900,1200,tablet,587,613,633,654
IMG_20191101_210806.jpg,900,1200,tablet,546,576,592,617
IMG_20191101_210806.jpg,900,1200,tablet,507,615,553,656
IMG_20191101_210806.jpg,900,1200,tablet,466,579,512,620
IMG_20191101_210806.jpg,900,1200,tablet,432,620,478,661
IMG_20191101_210806.jpg,900,1200,tablet,392,582,438,623
IMG_20191101_210806.jpg,900,1200,tablet,358,623,404,664
IMG_20191101_210806.jpg,900,1200,tablet,394,658,440,699
IMG_20191101_210806.jpg,900,1200,tablet,438,699,484,740
IMG_20191101_210806.jpg,900,1200,tablet,469,658,515,699
IMG_20191101_210806.jpg,900,1200,tablet,514,693,560,734
IMG_20191101_210806.jpg,900,1200,tablet,552,651,598,692
IMG_20191101_210806.jpg,900,1200,tablet,593,688,639,729
IMG_20191101_210806.jpg,900,1200,tablet,629,649,675,690
IMG_20191005_122419.jpg,900,1200,capsule,387,406,481,529
IMG_20191005_122419.jpg,900,1200,capsule,511,429,608,554
IMG_20191005_122419.jpg,900,1200,capsule,346,513,445,635
IMG_20191005_122419.jpg,900,1200,capsule,480,538,583,665
IMG_20191005_122419.jpg,900,1200,capsule,302,629,401,757
IMG_20191005_122419.jpg,900,1200,capsule,430,659,554,797
IMG_20191005_122419.jpg,900,1200,capsule,255,766,365,910
IMG_20191101_220031.jpg,900,1200,tablet,310,481,434,561
IMG_20191101_220031.jpg,900,1200,tablet,443,509,575,597
IMG_20191101_220031.jpg,900,1200,tablet,210,557,312,659
IMG_20191101_220031.jpg,900,1200,tablet,162,663,294,813
IMG_20191101_220031.jpg,900,1200,tablet,275,592,396,733
IMG_20191101_220031.jpg,900,1200,tablet,329,535,455,625
IMG_20191101_220031.jpg,900,1200,tablet,355,597,472,726
IMG_20191101_220031.jpg,900,1200,tablet,439,571,541,695
IMG_20191101_220031.jpg,900,1200,tablet,505,599,637,706
IMG_20191101_220031.jpg,900,1200,tablet,203,816,317,923
IMG_20191101_220031.jpg,900,1200,tablet,255,726,391,869
IMG_20191101_220031.jpg,900,1200,tablet,315,830,422,959
IMG_20191101_220031.jpg,900,1200,tablet,358,706,487,840
IMG_20191101_220031.jpg,900,1200,tablet,374,819,487,950
IMG_20191101_220031.jpg,900,1200,tablet,484,699,637,861
IMG_20191101_210058.jpg,1200,900,tablet,146,285,268,407
IMG_20191101_210058.jpg,1200,900,tablet,291,283,413,405
IMG_20191101_210058.jpg,1200,900,tablet,438,281,560,403
IMG_20191101_210058.jpg,1200,900,tablet,586,276,708,398
IMG_20191101_210058.jpg,1200,900,tablet,738,446,860,568
IMG_20191101_210058.jpg,1200,900,tablet,589,448,711,570
IMG_20191101_210058.jpg,1200,900,tablet,447,455,569,577
IMG_20191101_210058.jpg,1200,900,tablet,294,459,416,581
IMG_20191101_210058.jpg,1200,900,tablet,141,458,263,580
IMG_20191101_205739.jpg,1200,900,tablet,237,217,311,340
IMG_20191101_205739.jpg,1200,900,tablet,354,212,423,336
IMG_20191101_205739.jpg,1200,900,tablet,463,206,546,330
IMG_20191101_205739.jpg,1200,900,tablet,597,206,659,326
IMG_20191101_205739.jpg,1200,900,tablet,706,195,779,323
IMG_20191101_205739.jpg,1200,900,tablet,242,396,315,506
IMG_20191101_205739.jpg,1200,900,tablet,358,391,433,505
IMG_20191101_205739.jpg,1200,900,tablet,474,380,550,504
IMG_20191101_205739.jpg,1200,900,tablet,594,382,667,502
IMG_20191101_205739.jpg,1200,900,tablet,714,381,783,500
IMG_20191101_221000.jpg,1200,900,capsule,367,125,588,367
IMG_20191101_221000.jpg,1200,900,tablet,418,1,596,140
IMG_20191101_221000.jpg,1200,900,tablet,619,1,800,102
IMG_20191101_221000.jpg,1200,900,tablet,671,90,852,264
IMG_20191101_220218.jpg,1200,900,tablet,545,340,588,389
IMG_20191101_220218.jpg,1200,900,tablet,507,420,558,464
IMG_20191101_220218.jpg,1200,900,tablet,465,433,513,480
IMG_20191101_220218.jpg,1200,900,tablet,455,478,501,527
IMG_20191101_220218.jpg,1200,900,tablet,505,463,549,510
IMG_20191101_220218.jpg,1200,900,tablet,538,487,587,531
IMG_20191101_220218.jpg,1200,900,tablet,580,504,626,549
IMG_20191101_220218.jpg,1200,900,tablet,516,524,563,569
IMG_20191101_220218.jpg,1200,900,tablet,599,541,644,586
IMG_20191101_220218.jpg,1200,900,tablet,553,548,600,595
IMG_20191101_220218.jpg,1200,900,tablet,456,583,505,634
IMG_20191101_220218.jpg,1200,900,tablet,556,589,607,635
IMG_20191101_211116.jpg,900,1200,tablet,297,445,358,500
IMG_20191101_211116.jpg,900,1200,tablet,249,496,310,551
IMG_20191101_211116.jpg,900,1200,tablet,350,498,411,553
IMG_20191101_211116.jpg,900,1200,tablet,296,542,357,597
IMG_20191101_211116.jpg,900,1200,tablet,401,541,462,596
IMG_20191101_211116.jpg,900,1200,tablet,349,595,410,650
IMG_20191101_211116.jpg,900,1200,tablet,251,594,312,649
IMG_20191101_211116.jpg,900,1200,tablet,296,642,357,697
IMG_20191101_211116.jpg,900,1200,tablet,402,646,463,701
IMG_20191101_211116.jpg,900,1200,tablet,348,696,409,751
IMG_20191101_211116.jpg,900,1200,tablet,403,752,464,807
IMG_20191101_211116.jpg,900,1200,tablet,346,803,407,858
IMG_20191101_211116.jpg,900,1200,tablet,237,807,298,862
IMG_20191101_211116.jpg,900,1200,tablet,293,860,354,915
IMG_20191101_211116.jpg,900,1200,tablet,396,861,457,916
IMG_20191101_211116.jpg,900,1200,tablet,341,916,402,971
IMG_20191101_211116.jpg,900,1200,tablet,236,916,297,971
IMG_20191101_210300.jpg,1200,900,tablet,99,258,239,393
IMG_20191101_210300.jpg,1200,900,tablet,266,249,406,384
IMG_20191101_210300.jpg,1200,900,tablet,415,242,555,377
IMG_20191101_210300.jpg,1200,900,tablet,582,236,722,371
IMG_20191101_210300.jpg,1200,900,tablet,745,229,885,364
IMG_20191101_210300.jpg,1200,900,tablet,581,403,721,538
IMG_20191101_210300.jpg,1200,900,tablet,423,414,563,549
IMG_20191101_210300.jpg,1200,900,tablet,260,425,400,560
IMG_20191101_210300.jpg,1200,900,tablet,106,432,246,567
t_9_3.jpg,900,1200,tablet,513,355,642,485
t_9_3.jpg,900,1200,tablet,461,544,583,667
t_9_3.jpg,900,1200,tablet,282,499,387,621
t_9_3.jpg,900,1200,tablet,428,712,542,828
t_9_3.jpg,900,1200,tablet,251,676,363,776
t_9_3.jpg,900,1200,tablet,391,867,496,969
t_9_3.jpg,900,1200,tablet,227,822,332,922
t_9_3.jpg,900,1200,tablet,361,1003,464,1088
t_9_3.jpg,900,1200,tablet,206,963,305,1045
IMG_20191101_210002.jpg,1200,900,tablet,266,361,372,447
IMG_20191101_210002.jpg,1200,900,tablet,267,508,373,594
IMG_20191101_205811.jpg,1200,900,tablet,741,271,814,411
IMG_20191101_205811.jpg,1200,900,tablet,868,267,941,407
IMG_20191101_205811.jpg,1200,900,tablet,745,452,818,592
IMG_20191101_205811.jpg,1200,900,tablet,872,454,945,594
IMG_20191101_205811.jpg,1200,900,tablet,870,452,943,592
Spill_pills.jpg,1200,625,tablet,205,302,299,382
Spill_pills.jpg,1200,625,tablet,320,249,390,306
Spill_pills.jpg,1200,625,tablet,425,306,514,377
Spill_pills.jpg,1200,625,tablet,523,358,629,402
Spill_pills.jpg,1200,625,tablet,435,405,516,474
Spill_pills.jpg,1200,625,tablet,480,449,558,520
Spill_pills.jpg,1200,625,tablet,634,415,746,468
Spill_pills.jpg,1200,625,tablet,605,444,709,492
IMG_20191101_220422.jpg,900,1200,tablet,252,418,295,462
IMG_20191101_220422.jpg,900,1200,tablet,232,464,276,511
IMG_20191101_220422.jpg,900,1200,tablet,351,433,395,479
IMG_20191101_220422.jpg,900,1200,tablet,459,447,496,490
IMG_20191101_220422.jpg,900,1200,tablet,334,480,383,528
IMG_20191101_220422.jpg,900,1200,tablet,443,487,492,534
IMG_20191101_220422.jpg,900,1200,tablet,551,505,595,549
IMG_20191101_220422.jpg,900,1200,tablet,656,506,706,562
IMG_20191101_220422.jpg,900,1200,tablet,208,552,252,590
IMG_20191101_220422.jpg,900,1200,tablet,315,563,363,613
IMG_20191101_220422.jpg,900,1200,tablet,428,574,478,620
IMG_20191101_220422.jpg,900,1200,tablet,546,585,592,636
IMG_20191101_220422.jpg,900,1200,tablet,653,590,708,640
IMG_20191101_220422.jpg,900,1200,tablet,172,641,219,688
IMG_20191101_220422.jpg,900,1200,tablet,149,708,195,752
IMG_20191101_220422.jpg,900,1200,tablet,302,659,348,711
IMG_20191101_220422.jpg,900,1200,tablet,278,723,333,782
IMG_20191101_220422.jpg,900,1200,tablet,413,668,461,720
IMG_20191101_220422.jpg,900,1200,tablet,406,741,458,801
IMG_20191101_220422.jpg,900,1200,tablet,533,683,584,737
IMG_20191101_220422.jpg,900,1200,tablet,527,757,579,812
IMG_20191101_220422.jpg,900,1200,tablet,662,692,712,750
IMG_20191101_220422.jpg,900,1200,tablet,664,771,716,821
IMG_20191005_124012.jpg,900,1200,tablet,280,89,403,211
IMG_20191005_124012.jpg,900,1200,tablet,485,139,603,242
IMG_20191005_124012.jpg,900,1200,tablet,254,271,384,397
IMG_20191005_124012.jpg,900,1200,tablet,477,312,592,428
IMG_20191005_124012.jpg,900,1200,tablet,234,472,367,607
IMG_20191005_124012.jpg,900,1200,tablet,452,500,589,634
IMG_20191005_124012.jpg,900,1200,tablet,201,693,346,840
IMG_20191005_124012.jpg,900,1200,tablet,449,716,583,857
IMG_20191005_124012.jpg,900,1200,tablet,168,931,329,1097
IMG_20190929_134621.jpg,900,1200,tablet,263,394,364,497
IMG_20190929_134621.jpg,900,1200,tablet,443,376,537,473
IMG_20190929_134621.jpg,900,1200,tablet,284,510,383,613
IMG_20190929_134621.jpg,900,1200,tablet,461,487,564,585
IMG_20190929_134621.jpg,900,1200,tablet,305,633,408,741
IMG_20190929_134621.jpg,900,1200,tablet,486,605,588,705
IMG_20190929_134621.jpg,900,1200,tablet,331,759,431,868
IMG_20190929_134621.jpg,900,1200,tablet,511,723,613,828
IMG_20190929_134621.jpg,900,1200,tablet,347,890,459,1000
IMG_20190929_134621.jpg,900,1200,tablet,533,849,643,958
IMG_20191004_235513.jpg,1200,900,capsule,747,293,833,387
IMG_20191004_235513.jpg,1200,900,capsule,767,404,850,500
IMG_20191004_235513.jpg,1200,900,capsule,636,298,713,397
IMG_20191004_235513.jpg,1200,900,capsule,649,411,740,511
IMG_20191004_235513.jpg,1200,900,capsule,524,310,612,414
IMG_20191004_235513.jpg,1200,900,capsule,534,420,629,527
IMG_20191004_235513.jpg,1200,900,capsule,403,313,503,421
IMG_20191004_235513.jpg,1200,900,capsule,279,324,387,429
IMG_20191004_235513.jpg,1200,900,capsule,284,439,392,551
IMG_20191004_235513.jpg,1200,900,capsule,413,430,511,542
IMG_20191101_205841.jpg,1200,900,tablet,385,304,453,412
IMG_20191101_205841.jpg,1200,900,tablet,482,300,550,408
IMG_20191101_205841.jpg,1200,900,tablet,587,300,655,408
IMG_20191101_205841.jpg,1200,900,tablet,387,448,455,556
IMG_20191101_205841.jpg,1200,900,tablet,488,444,556,552
IMG_20191101_205841.jpg,1200,900,tablet,486,442,554,550
IMG_20191005_123348.jpg,1200,900,tablet,823,434,974,591
IMG_20191005_123348.jpg,1200,900,tablet,550,477,702,639
IMG_20191005_123348.jpg,1200,900,tablet,714,591,879,759
IMG_20191101_211513.jpg,900,1200,tablet,284,557,380,629
IMG_20191101_211513.jpg,900,1200,tablet,279,656,375,728
IMG_20191101_211513.jpg,900,1200,tablet,380,551,476,623
IMG_20191101_211513.jpg,900,1200,tablet,380,652,476,724
IMG_20191101_211513.jpg,900,1200,tablet,470,551,566,623
IMG_20191101_211513.jpg,900,1200,tablet,481,654,577,726
IMG_20191101_211513.jpg,900,1200,tablet,562,540,658,612
IMG_20191101_211513.jpg,900,1200,tablet,569,645,665,717
IMG_20191101_211513.jpg,900,1200,tablet,673,643,769,715
IMG_20191004_233251.jpg,1200,900,capsule,526,294,638,372
IMG_20191004_233251.jpg,1200,900,capsule,478,401,593,470
IMG_20191004_233251.jpg,1200,900,capsule,632,344,741,410
IMG_20191004_233251.jpg,1200,900,capsule,733,387,848,456
IMG_20191004_233251.jpg,1200,900,capsule,837,437,958,507
IMG_20191004_233251.jpg,1200,900,capsule,579,447,691,516
IMG_20191004_233251.jpg,1200,900,capsule,680,492,797,573
IMG_20191004_233251.jpg,1200,900,capsule,782,550,901,617
IMG_20191005_123357.jpg,1200,900,tablet,741,108,951,312
IMG_20191005_123357.jpg,1200,900,tablet,759,368,969,568
IMG_20191005_123357.jpg,1200,900,tablet,495,388,687,584
IMG_20191005_122844.jpg,900,1200,tablet,522,385,620,473
IMG_20191005_122844.jpg,900,1200,tablet,675,485,787,583
IMG_20191005_122844.jpg,900,1200,tablet,419,495,513,582
IMG_20191005_122844.jpg,900,1200,tablet,563,610,679,710
IMG_20191101_221028.jpg,1200,900,capsule,229,301,355,528
IMG_20191101_210118.jpg,900,1200,tablet,408,242,513,354
IMG_20191101_210118.jpg,900,1200,tablet,408,363,513,475
IMG_20191101_210118.jpg,900,1200,tablet,406,478,511,590
IMG_20191101_210118.jpg,900,1200,tablet,415,604,520,716
IMG_20191101_210118.jpg,900,1200,tablet,419,727,524,839
IMG_20191101_210118.jpg,900,1200,tablet,294,727,399,839
IMG_20191101_210118.jpg,900,1200,tablet,283,620,388,732
IMG_20191101_210118.jpg,900,1200,tablet,283,488,388,600
IMG_20191101_210118.jpg,900,1200,tablet,269,367,374,479
IMG_20191101_210415.jpg,1200,900,tablet,157,326,274,444
IMG_20191101_210415.jpg,1200,900,tablet,164,468,281,586
IMG_20191101_210415.jpg,1200,900,tablet,298,464,415,582
IMG_20191005_123219.jpg,1200,900,tablet,246,150,368,276
IMG_20191005_123219.jpg,1200,900,tablet,381,166,503,292
IMG_20191005_123219.jpg,1200,900,tablet,519,182,648,315
IMG_20191005_123219.jpg,1200,900,tablet,668,194,795,335
IMG_20191005_123219.jpg,1200,900,tablet,832,213,977,354
IMG_20191005_123219.jpg,1200,900,tablet,215,294,336,423
IMG_20191005_123219.jpg,1200,900,tablet,348,311,475,439
IMG_20191005_123219.jpg,1200,900,tablet,481,337,615,470
IMG_20191005_123219.jpg,1200,900,tablet,628,356,768,505
IMG_20191005_123219.jpg,1200,900,tablet,791,380,950,529
IMG_20191005_123133.jpg,900,1200,tablet,540,380,663,510
IMG_20191005_123133.jpg,900,1200,tablet,633,492,779,623
IMG_20191005_123133.jpg,900,1200,tablet,416,469,549,601
IMG_20191005_123133.jpg,900,1200,tablet,516,586,654,726
IMG_20191005_123133.jpg,900,1200,tablet,290,562,417,693
IMG_20191005_123133.jpg,900,1200,tablet,387,686,525,816
IMG_20191005_123133.jpg,900,1200,tablet,154,657,299,795
IMG_20191005_123133.jpg,900,1200,tablet,254,783,389,934
IMG_20191005_123133.jpg,900,1200,tablet,13,756,160,907
IMG_20191005_123133.jpg,900,1200,tablet,102,899,254,1054
IMG_20191101_220211.jpg,1200,900,tablet,437,160,577,306
IMG_20191101_220211.jpg,1200,900,tablet,574,200,707,344
IMG_20191101_220211.jpg,1200,900,tablet,684,299,805,435
IMG_20191101_220211.jpg,1200,900,tablet,328,228,455,369
IMG_20191101_220211.jpg,1200,900,tablet,426,300,566,431
IMG_20191101_220211.jpg,1200,900,tablet,558,343,694,478
IMG_20191101_220211.jpg,1200,900,tablet,303,367,435,504
IMG_20191101_220211.jpg,1200,900,tablet,458,410,599,537
IMG_20191101_220211.jpg,1200,900,tablet,628,443,755,579
IMG_20191101_220211.jpg,1200,900,tablet,381,482,511,617
IMG_20191101_220211.jpg,1200,900,tablet,509,517,644,635
IMG_20191101_220853.jpg,900,1200,tablet,34,356,181,447
IMG_20191101_220853.jpg,900,1200,tablet,99,478,258,581
IMG_20191101_220853.jpg,900,1200,tablet,177,599,332,711
IMG_20191101_220853.jpg,900,1200,tablet,260,714,406,850
IMG_20191101_220853.jpg,900,1200,tablet,339,838,499,988
IMG_20191101_220853.jpg,900,1200,tablet,368,254,479,344
IMG_20191101_220853.jpg,900,1200,tablet,432,359,548,449
IMG_20191101_220853.jpg,900,1200,tablet,494,454,606,544
IMG_20191101_220853.jpg,900,1200,tablet,560,554,670,647
IMG_20191101_220853.jpg,900,1200,tablet,631,654,737,745
IMG_20191101_211444.jpg,900,1200,tablet,439,601,524,678
IMG_20191101_211444.jpg,900,1200,tablet,532,600,617,677
IMG_20191101_211444.jpg,900,1200,tablet,441,683,526,760
IMG_20191101_210034.jpg,1200,900,tablet,295,405,411,496
IMG_20191101_210034.jpg,1200,900,tablet,412,402,528,493
IMG_20191101_210034.jpg,1200,900,tablet,292,516,408,607
IMG_20191101_210034.jpg,1200,900,tablet,420,514,536,605
IMG_20191101_210034.jpg,1200,900,tablet,418,512,534,603
IMG_20191101_220704.jpg,1200,900,tablet,234,304,325,384
IMG_20191101_220704.jpg,1200,900,tablet,226,445,320,527
IMG_20191101_220704.jpg,1200,900,tablet,404,303,504,397
IMG_20191101_220704.jpg,1200,900,tablet,406,443,481,515
IMG_20191101_220704.jpg,1200,900,tablet,565,303,658,397
IMG_20191101_220704.jpg,1200,900,tablet,579,434,658,509
IMG_20191101_220704.jpg,1200,900,tablet,727,304,807,381
IMG_20191101_220704.jpg,1200,900,tablet,739,438,825,510
IMG_20191101_220704.jpg,1200,900,tablet,907,432,989,508
IMG_20191101_210210.jpg,1200,900,tablet,632,441,714,524
IMG_20191101_210210.jpg,1200,900,tablet,732,437,814,520
IMG_20191101_210210.jpg,1200,900,tablet,731,536,813,619
IMG_20191101_210210.jpg,1200,900,tablet,640,536,722,619
IMG_20191101_220849.jpg,900,1200,tablet,141,387,284,450
IMG_20191101_220849.jpg,900,1200,tablet,144,487,296,569
IMG_20191101_220849.jpg,900,1200,tablet,156,600,317,676
IMG_20191101_220849.jpg,900,1200,tablet,160,728,329,819
IMG_20191101_220849.jpg,900,1200,tablet,163,876,356,981
IMG_20191101_220849.jpg,900,1200,tablet,499,347,625,414
IMG_20191101_220849.jpg,900,1200,tablet,527,442,656,519
IMG_20191101_220849.jpg,900,1200,tablet,556,545,710,619
IMG_20191101_220849.jpg,900,1200,tablet,598,664,760,742
IMG_20191101_220849.jpg,900,1200,tablet,651,795,829,890
IMG_20191005_123841.jpg,1200,900,tablet,872,276,993,393
IMG_20191005_123841.jpg,1200,900,tablet,903,433,1034,556
IMG_20191005_123841.jpg,1200,900,tablet,730,274,842,394
IMG_20191005_123841.jpg,1200,900,tablet,563,273,684,399
IMG_20191005_123841.jpg,1200,900,tablet,393,280,520,403
IMG_20191005_123841.jpg,1200,900,tablet,399,467,530,600
IMG_20191005_123841.jpg,1200,900,tablet,579,454,704,590
IMG_20191005_123841.jpg,1200,900,tablet,749,443,874,579
IMG_20191005_123712.jpg,900,1200,tablet,364,566,485,676
IMG_20191101_220532.jpg,900,1200,capsule,409,331,480,468
IMG_20191101_220532.jpg,900,1200,capsule,511,415,581,555
IMG_20191101_220532.jpg,900,1200,capsule,345,404,417,540
IMG_20191101_220532.jpg,900,1200,capsule,283,476,352,616
IMG_20191101_220532.jpg,900,1200,capsule,446,493,519,628
IMG_20191101_220532.jpg,900,1200,capsule,386,562,455,704
IMG_20191101_220532.jpg,900,1200,capsule,218,554,289,692
IMG_20191101_220532.jpg,900,1200,capsule,154,630,225,772
IMG_20191101_220532.jpg,900,1200,capsule,320,642,389,784
IMG_20191101_220532.jpg,900,1200,capsule,252,712,327,866
IMG_20191101_210814.jpg,900,1200,tablet,112,245,184,308
IMG_20191101_210814.jpg,900,1200,tablet,234,253,306,316
IMG_20191101_210814.jpg,900,1200,tablet,351,257,423,320
IMG_20191101_210814.jpg,900,1200,tablet,471,256,543,319
IMG_20191101_210814.jpg,900,1200,tablet,579,265,651,328
IMG_20191101_210814.jpg,900,1200,tablet,522,317,594,380
IMG_20191101_210814.jpg,900,1200,tablet,414,319,486,382
IMG_20191101_210814.jpg,900,1200,tablet,299,314,371,377
IMG_20191101_210814.jpg,900,1200,tablet,175,309,247,372
IMG_20191101_210814.jpg,900,1200,tablet,114,368,186,431
IMG_20191101_210814.jpg,900,1200,tablet,235,370,307,433
IMG_20191101_210814.jpg,900,1200,tablet,358,374,430,437
IMG_20191101_210814.jpg,900,1200,tablet,467,375,539,438
IMG_20191101_210814.jpg,900,1200,tablet,576,379,648,442
IMG_20191101_210814.jpg,900,1200,tablet,519,429,591,492
IMG_20191101_210814.jpg,900,1200,tablet,414,437,486,500
IMG_20191101_210814.jpg,900,1200,tablet,295,427,367,490
IMG_20191101_210814.jpg,900,1200,tablet,178,425,250,488
IMG_20191101_210814.jpg,900,1200,tablet,115,486,187,549
IMG_20191101_210814.jpg,900,1200,tablet,239,485,311,548
IMG_20191101_210814.jpg,900,1200,tablet,356,492,428,555
IMG_20191101_210814.jpg,900,1200,tablet,467,488,539,551
IMG_20191101_210814.jpg,900,1200,tablet,583,489,655,552
IMG_20191101_210814.jpg,900,1200,tablet,581,487,653,550
IMG_20191101_210814.jpg,900,1200,tablet,520,543,592,606
IMG_20191101_210814.jpg,900,1200,tablet,413,546,485,609
IMG_20191101_210814.jpg,900,1200,tablet,295,547,367,610
IMG_20191101_210814.jpg,900,1200,tablet,171,552,243,615
IMG_20191101_210814.jpg,900,1200,tablet,117,611,189,674
IMG_20191101_210814.jpg,900,1200,tablet,241,611,313,674
IMG_20191101_210814.jpg,900,1200,tablet,353,603,425,666
IMG_20191101_210814.jpg,900,1200,tablet,469,604,541,667
IMG_20191101_210814.jpg,900,1200,tablet,577,600,649,663
IMG_20191101_210814.jpg,900,1200,tablet,526,660,598,723
IMG_20191101_210814.jpg,900,1200,tablet,416,662,488,725
IMG_20191101_210814.jpg,900,1200,tablet,305,662,377,725
IMG_20191101_210814.jpg,900,1200,tablet,180,669,252,732
IMG_20191101_210814.jpg,900,1200,tablet,245,725,317,788
IMG_20191101_210814.jpg,900,1200,tablet,363,724,435,787
IMG_20191101_210814.jpg,900,1200,tablet,464,717,536,780
IMG_20191101_205900.jpg,1200,900,tablet,388,265,465,392
IMG_20191101_205900.jpg,1200,900,tablet,511,263,588,390
IMG_20191101_205900.jpg,1200,900,tablet,643,258,720,385
IMG_20191101_205900.jpg,1200,900,tablet,389,449,466,576
IMG_20191101_205900.jpg,1200,900,tablet,511,452,588,579
IMG_20191101_220954.jpg,1200,900,tablet,485,330,567,410
IMG_20191101_220954.jpg,1200,900,tablet,552,284,633,365
IMG_20191101_220954.jpg,1200,900,tablet,633,299,709,378
IMG_20191101_220954.jpg,1200,900,tablet,696,343,772,422
IMG_20191101_220954.jpg,1200,900,tablet,565,365,650,445
IMG_20191101_220954.jpg,1200,900,capsule,629,423,681,544
IMG_20191005_122400.jpg,900,1200,capsule,299,629,386,713
IMG_20191005_122400.jpg,900,1200,capsule,401,638,493,729
IMG_20191005_122400.jpg,900,1200,capsule,501,641,592,738
IMG_20191005_122400.jpg,900,1200,capsule,605,647,692,738
IMG_20191005_122400.jpg,900,1200,capsule,396,741,486,834
IMG_20191005_122400.jpg,900,1200,capsule,496,756,589,844
IMG_20191005_122400.jpg,900,1200,capsule,598,760,690,847
IMG_20191101_220758.jpg,900,1200,tablet,88,459,183,552
IMG_20191101_220758.jpg,900,1200,tablet,115,375,204,465
IMG_20191101_220758.jpg,900,1200,tablet,187,324,275,410
IMG_20191101_220758.jpg,900,1200,tablet,273,344,356,436
IMG_20191101_220758.jpg,900,1200,tablet,182,435,273,524
IMG_20191101_220758.jpg,900,1200,tablet,443,407,525,497
IMG_20191101_220758.jpg,900,1200,tablet,617,393,708,483
IMG_20191101_220758.jpg,900,1200,tablet,804,382,891,478
IMG_20191101_220758.jpg,900,1200,tablet,443,592,541,682
IMG_20191101_220758.jpg,900,1200,tablet,635,588,729,674
IMG_20191101_220758.jpg,900,1200,tablet,824,582,900,664
IMG_20191101_211000.jpg,900,1200,tablet,501,540,610,626
IMG_20191101_211000.jpg,900,1200,tablet,404,611,513,697
IMG_20191101_211000.jpg,900,1200,tablet,303,692,412,778
IMG_20191101_211000.jpg,900,1200,tablet,211,772,320,858
IMG_20191101_211000.jpg,900,1200,tablet,284,877,395,974
IMG_20191101_211000.jpg,900,1200,tablet,389,798,500,895
IMG_20191101_211000.jpg,900,1200,tablet,485,706,596,803
IMG_20191101_211000.jpg,900,1200,tablet,578,632,689,729
IMG_20191101_211000.jpg,900,1200,tablet,681,547,792,644
IMG_20191005_122906.jpg,1200,900,tablet,555,140,723,300
IMG_20191005_122906.jpg,1200,900,tablet,805,154,949,298
IMG_20191005_122906.jpg,1200,900,tablet,587,454,731,608
IMG_20191005_122906.jpg,1200,900,tablet,831,454,985,616
IMG_20191005_123335.jpg,900,1200,tablet,334,349,471,492
IMG_20191005_123335.jpg,900,1200,tablet,482,458,617,593
IMG_20191005_123335.jpg,900,1200,tablet,390,592,514,716
IMG_20191005_123038.jpg,900,1200,tablet,313,369,427,490
IMG_20191005_123038.jpg,900,1200,tablet,442,402,558,521
IMG_20191005_123038.jpg,900,1200,tablet,273,501,401,626
IMG_20191005_123038.jpg,900,1200,tablet,412,533,533,661
IMG_20191101_220232.jpg,900,1200,tablet,403,486,477,609
IMG_20191101_220232.jpg,900,1200,tablet,467,508,575,604
IMG_20191101_220232.jpg,900,1200,tablet,430,586,561,673
IMG_20191101_220232.jpg,900,1200,tablet,490,646,625,740
IMG_20191005_123221.jpg,1200,900,tablet,11,127,213,311
IMG_20191005_123221.jpg,1200,900,tablet,1,337,179,531
IMG_20191005_123221.jpg,1200,900,tablet,246,154,417,325
IMG_20191005_123221.jpg,1200,900,tablet,213,362,411,539
IMG_20191005_123221.jpg,1200,900,tablet,456,184,621,352
IMG_20191005_123221.jpg,1200,900,tablet,442,378,607,558
IMG_20191005_123221.jpg,1200,900,tablet,648,203,809,370
IMG_20191005_123221.jpg,1200,900,tablet,642,401,801,576
IMG_20191005_123221.jpg,1200,900,tablet,834,225,991,390
IMG_20191005_123221.jpg,1200,900,tablet,832,407,981,582
t_9_4.jpg,900,1200,tablet,470,181,570,297
t_9_4.jpg,900,1200,tablet,473,362,586,486
t_9_4.jpg,900,1200,tablet,473,555,588,673
t_9_4.jpg,900,1200,tablet,273,341,397,460
t_9_4.jpg,900,1200,tablet,273,547,402,677
t_9_4.jpg,900,1200,tablet,464,744,597,883
t_9_4.jpg,900,1200,tablet,269,754,399,905
t_9_4.jpg,900,1200,tablet,466,946,600,1091
t_9_4.jpg,900,1200,tablet,263,986,404,1135
IMG_20191004_233259.jpg,900,1200,capsule,457,307,524,403
IMG_20191004_233259.jpg,900,1200,capsule,544,350,604,448
IMG_20191004_233259.jpg,900,1200,capsule,430,396,492,491
IMG_20191004_233259.jpg,900,1200,capsule,511,433,573,528
IMG_20191004_233259.jpg,900,1200,capsule,397,487,466,581
IMG_20191004_233259.jpg,900,1200,capsule,484,515,544,605
IMG_20191004_233259.jpg,900,1200,capsule,369,574,434,660
IMG_20191004_233259.jpg,900,1200,capsule,454,592,521,685
IMG_20191005_122839.jpg,900,1200,tablet,395,369,475,460
IMG_20191005_122839.jpg,900,1200,tablet,554,468,643,560
IMG_20191005_122839.jpg,900,1200,tablet,477,597,569,685
IMG_20191005_122839.jpg,900,1200,tablet,314,496,406,587
IMG_20191101_220020.jpg,900,1200,tablet,174,394,294,495
IMG_20191101_220020.jpg,900,1200,tablet,112,507,256,661
IMG_20191101_220020.jpg,900,1200,tablet,306,352,444,416
IMG_20191101_220020.jpg,900,1200,tablet,310,407,441,500
IMG_20191101_220020.jpg,900,1200,tablet,449,419,574,519
IMG_20191101_220020.jpg,900,1200,tablet,245,457,365,597
IMG_20191101_220020.jpg,900,1200,tablet,324,483,448,621
IMG_20191101_220020.jpg,900,1200,tablet,131,649,239,761
IMG_20191101_220020.jpg,900,1200,tablet,196,597,334,731
IMG_20191101_220020.jpg,900,1200,tablet,241,700,332,813
IMG_20191101_220020.jpg,900,1200,tablet,294,587,434,723
IMG_20191101_220020.jpg,900,1200,tablet,303,706,408,814
IMG_20191101_220020.jpg,900,1200,tablet,422,626,572,773
IMG_20191101_220020.jpg,900,1200,tablet,424,469,549,607
IMG_20191101_220020.jpg,900,1200,tablet,482,511,601,645
IMG_20191005_124020.jpg,900,1200,tablet,258,41,386,181
IMG_20191005_124020.jpg,900,1200,tablet,471,75,601,210
IMG_20191005_124020.jpg,900,1200,tablet,239,253,389,399
IMG_20191005_124020.jpg,900,1200,tablet,471,284,598,422
IMG_20191005_124020.jpg,900,1200,tablet,240,487,386,628
IMG_20191005_124020.jpg,900,1200,tablet,464,500,605,628
IMG_20191005_124020.jpg,900,1200,tablet,231,716,377,865
IMG_20191005_124020.jpg,900,1200,tablet,467,712,602,866
IMG_20191005_124020.jpg,900,1200,tablet,227,956,384,1110
IMG_20191005_123144.jpg,900,1200,tablet,226,45,418,232
IMG_20191005_123144.jpg,900,1200,tablet,465,43,656,240
IMG_20191005_123144.jpg,900,1200,tablet,211,279,394,483
IMG_20191005_123144.jpg,900,1200,tablet,441,289,639,496
IMG_20191005_123144.jpg,900,1200,tablet,184,519,384,728
IMG_20191005_123144.jpg,900,1200,tablet,407,545,622,753
IMG_20191005_123144.jpg,900,1200,tablet,156,760,356,957
IMG_20191005_123144.jpg,900,1200,tablet,377,796,596,1006
IMG_20191005_123144.jpg,900,1200,tablet,131,989,326,1187
IMG_20191005_123144.jpg,900,1200,tablet,352,1032,580,1200
IMG_20191005_123425.jpg,1200,900,tablet,587,518,775,692
IMG_20191005_123425.jpg,1200,900,tablet,863,322,1031,502
IMG_20191005_123425.jpg,1200,900,tablet,841,542,1013,714
IMG_20191101_211230.jpg,900,1200,tablet,241,414,332,500
IMG_20191101_211230.jpg,900,1200,tablet,131,475,222,561
IMG_20191101_211230.jpg,900,1200,tablet,290,508,381,594
IMG_20191101_211230.jpg,900,1200,tablet,186,571,277,657
IMG_20191101_211230.jpg,900,1200,tablet,258,661,349,747
IMG_20191101_211230.jpg,900,1200,tablet,353,600,444,686
IMG_20191101_211230.jpg,900,1200,tablet,405,684,496,770
IMG_20191101_211230.jpg,900,1200,tablet,310,752,401,838
IMG_20191101_211230.jpg,900,1200,tablet,468,773,559,859
IMG_20191101_205732.jpg,1200,900,tablet,209,373,303,502
IMG_20191101_205732.jpg,1200,900,tablet,312,370,406,499
IMG_20191101_205732.jpg,1200,900,tablet,421,366,515,495
IMG_20191101_205732.jpg,1200,900,tablet,535,368,629,497
IMG_20191101_205732.jpg,1200,900,tablet,647,363,741,492
IMG_20191101_205732.jpg,1200,900,tablet,199,539,293,668
IMG_20191101_205732.jpg,1200,900,tablet,316,534,410,663
IMG_20191101_205732.jpg,1200,900,tablet,424,531,518,660
IMG_20191101_205732.jpg,1200,900,tablet,545,532,639,661
IMG_20191101_205732.jpg,1200,900,tablet,654,530,748,659
IMG_20191101_220553.jpg,1200,900,capsule,153,173,332,297
IMG_20191101_220553.jpg,1200,900,capsule,311,186,477,317
IMG_20191101_220553.jpg,1200,900,capsule,469,196,620,323
IMG_20191101_220553.jpg,1200,900,capsule,619,200,754,331
IMG_20191101_220553.jpg,1200,900,capsule,756,206,886,329
IMG_20191101_220553.jpg,1200,900,capsule,95,312,300,474
IMG_20191101_220553.jpg,1200,900,capsule,280,322,466,481
IMG_20191101_220553.jpg,1200,900,capsule,454,328,620,480
IMG_20191101_220553.jpg,1200,900,capsule,624,333,780,485
IMG_20191101_220553.jpg,1200,900,capsule,792,321,946,477
IMG_20191101_205657.jpg,900,1200,tablet,242,187,338,275
IMG_20191101_205657.jpg,900,1200,tablet,492,179,584,285
IMG_20191101_205657.jpg,900,1200,tablet,364,179,456,285
IMG_20191101_205657.jpg,900,1200,tablet,242,289,334,395
IMG_20191101_205657.jpg,900,1200,tablet,364,289,456,395
IMG_20191101_205657.jpg,900,1200,tablet,482,283,574,389
IMG_20191101_205657.jpg,900,1200,tablet,244,397,336,503
IMG_20191101_205657.jpg,900,1200,tablet,364,391,456,497
IMG_20191101_205657.jpg,900,1200,tablet,482,393,574,499
IMG_20191101_205657.jpg,900,1200,tablet,254,501,346,607
IMG_20191101_205657.jpg,900,1200,tablet,374,495,466,601
IMG_20191101_205657.jpg,900,1200,tablet,486,497,578,603
IMG_20191101_205657.jpg,900,1200,tablet,484,495,576,601
IMG_20191101_205657.jpg,900,1200,tablet,254,607,346,713
IMG_20191101_205657.jpg,900,1200,tablet,376,609,468,715
IMG_20191101_205657.jpg,900,1200,tablet,484,611,576,717
IMG_20191101_205657.jpg,900,1200,tablet,252,711,344,817
IMG_20191101_205657.jpg,900,1200,tablet,374,705,466,811
IMG_20191101_205657.jpg,900,1200,tablet,488,703,580,809
IMG_20191101_205657.jpg,900,1200,tablet,262,805,354,911
IMG_20191101_205657.jpg,900,1200,tablet,488,801,580,907
IMG_20191101_205657.jpg,900,1200,tablet,486,799,578,905
IMG_20191101_220417.jpg,900,1200,tablet,362,477,395,513
IMG_20191101_220417.jpg,900,1200,tablet,320,513,355,551
IMG_20191101_220417.jpg,900,1200,tablet,422,527,458,566
IMG_20191101_220417.jpg,900,1200,tablet,384,565,423,603
IMG_20191101_220417.jpg,900,1200,tablet,487,577,525,617
IMG_20191101_220417.jpg,900,1200,tablet,446,608,488,649
IMG_20191101_220417.jpg,900,1200,tablet,509,663,558,705
IMG_20191101_220417.jpg,900,1200,tablet,584,719,627,766
IMG_20191101_220417.jpg,900,1200,tablet,259,564,295,604
IMG_20191101_220417.jpg,900,1200,tablet,320,619,356,657
IMG_20191101_220417.jpg,900,1200,tablet,385,675,423,713
IMG_20191101_220417.jpg,900,1200,tablet,456,732,491,771
IMG_20191101_220417.jpg,900,1200,tablet,525,784,564,828
IMG_20191101_220417.jpg,900,1200,tablet,197,621,232,663
IMG_20191101_220417.jpg,900,1200,tablet,259,681,293,719
IMG_20191101_220417.jpg,900,1200,tablet,321,733,358,773
IMG_20191101_220417.jpg,900,1200,tablet,390,799,430,840
IMG_20191101_220417.jpg,900,1200,tablet,466,865,498,902
IMG_20191101_220417.jpg,900,1200,tablet,147,655,192,703
IMG_20191101_220417.jpg,900,1200,tablet,212,723,255,760
IMG_20191101_220417.jpg,900,1200,tablet,280,783,315,823
IMG_20191101_220417.jpg,900,1200,tablet,346,843,387,883
IMG_20191101_220417.jpg,900,1200,tablet,413,913,451,959
IMG_20191005_123139.jpg,900,1200,tablet,219,142,406,331
IMG_20191005_123139.jpg,900,1200,tablet,436,130,636,333
IMG_20191005_123139.jpg,900,1200,tablet,228,375,412,549
IMG_20191005_123139.jpg,900,1200,tablet,442,363,630,549
IMG_20191005_123139.jpg,900,1200,tablet,239,584,393,752
IMG_20191005_123139.jpg,900,1200,tablet,443,590,607,757
IMG_20191005_123139.jpg,900,1200,tablet,239,788,410,951
IMG_20191005_123139.jpg,900,1200,tablet,446,799,603,966
IMG_20191005_123139.jpg,900,1200,tablet,245,979,416,1139
IMG_20191005_123139.jpg,900,1200,tablet,442,999,612,1160
IMG_20191101_220142.jpg,1200,900,tablet,314,467,426,577
IMG_20191101_220142.jpg,1200,900,tablet,445,328,558,441
IMG_20191101_220142.jpg,1200,900,tablet,493,249,593,348
IMG_20191101_220142.jpg,1200,900,tablet,588,258,684,358
IMG_20191101_220142.jpg,1200,900,tablet,542,393,639,486
IMG_20191101_220142.jpg,1200,900,tablet,629,360,732,462
IMG_20191101_220142.jpg,1200,900,tablet,568,486,671,582
IMG_20191101_210137.jpg,1200,900,tablet,707,354,794,447
IMG_20191101_210137.jpg,1200,900,tablet,817,354,904,447
IMG_20191101_210137.jpg,1200,900,tablet,818,466,905,559
IMG_20191101_220525.jpg,1200,900,capsule,363,539,480,613
IMG_20191101_220525.jpg,1200,900,capsule,446,572,550,640
IMG_20191101_220525.jpg,1200,900,capsule,518,605,630,671
IMG_20191101_220525.jpg,1200,900,capsule,593,634,695,700
IMG_20191101_220525.jpg,1200,900,capsule,662,670,761,734
IMG_20191101_220525.jpg,1200,900,capsule,312,628,428,700
IMG_20191101_220525.jpg,1200,900,capsule,396,660,498,734
IMG_20191101_220525.jpg,1200,900,capsule,464,694,566,757
IMG_20191101_220525.jpg,1200,900,capsule,539,726,639,793
IMG_20191101_220525.jpg,1200,900,capsule,605,750,711,818
IMG_20191101_220525.jpg,1200,900,tablet,380,147,448,214
IMG_20191101_220525.jpg,1200,900,tablet,432,104,501,177
IMG_20191101_220525.jpg,1200,900,tablet,502,108,567,179
IMG_20191101_220525.jpg,1200,900,tablet,543,164,611,231
IMG_20191101_220525.jpg,1200,900,tablet,450,174,520,241
IMG_20191101_210345.jpg,1200,900,tablet,620,267,715,369
IMG_20191101_210345.jpg,1200,900,tablet,741,262,836,364
IMG_20191101_210345.jpg,1200,900,tablet,739,378,834,480
IMG_20191005_123846.jpg,900,1200,tablet,362,428,452,512
IMG_20191005_123846.jpg,900,1200,tablet,467,476,551,559
IMG_20191005_123846.jpg,900,1200,tablet,315,532,401,613
IMG_20191005_123846.jpg,900,1200,tablet,421,578,505,662
IMG_20191005_123846.jpg,900,1200,tablet,274,632,356,716
IMG_20191005_123846.jpg,900,1200,tablet,384,688,461,768
IMG_20191005_123846.jpg,900,1200,tablet,234,737,309,821
IMG_20191005_123846.jpg,900,1200,tablet,342,790,415,878
IMG_20191005_123427.jpg,1200,900,tablet,753,516,911,674
IMG_20191005_123427.jpg,1200,900,tablet,979,342,1133,506
IMG_20191005_123427.jpg,1200,900,tablet,979,538,1119,698
IMG_20191005_123835.jpg,1200,900,tablet,892,303,1011,430
IMG_20191005_123835.jpg,1200,900,tablet,727,303,849,428
IMG_20191005_123835.jpg,1200,900,tablet,549,298,677,427
IMG_20191005_123835.jpg,1200,900,tablet,344,292,484,422
IMG_20191005_123835.jpg,1200,900,tablet,929,480,1046,605
IMG_20191005_123835.jpg,1200,900,tablet,741,483,889,618
IMG_20191005_123835.jpg,1200,900,tablet,561,492,696,627
IMG_20191005_123835.jpg,1200,900,tablet,347,503,492,648
IMG_20191005_123048.jpg,1200,900,tablet,573,279,705,412
IMG_20191005_123048.jpg,1200,900,tablet,719,306,851,436
IMG_20191005_123048.jpg,1200,900,tablet,549,422,677,558
IMG_20191005_123048.jpg,1200,900,tablet,698,451,834,579
IMG_20191005_123723.jpg,1200,900,tablet,815,436,895,548
IMG_20191005_123055.jpg,1200,900,tablet,422,510,551,638
IMG_20191005_123055.jpg,1200,900,tablet,577,520,693,645
IMG_20191005_123055.jpg,1200,900,tablet,413,660,541,786
IMG_20191005_123055.jpg,1200,900,tablet,563,666,692,801
IMG_20191101_220522.jpg,1200,900,tablet,389,178,450,228
IMG_20191101_220522.jpg,1200,900,tablet,432,149,489,193
IMG_20191101_220522.jpg,1200,900,tablet,451,181,510,228
IMG_20191101_220522.jpg,1200,900,tablet,488,136,546,184
IMG_20191101_220522.jpg,1200,900,tablet,529,157,587,200
IMG_20191101_220522.jpg,1200,900,capsule,401,432,532,532
IMG_20191101_220522.jpg,1200,900,capsule,501,454,616,561
IMG_20191101_220522.jpg,1200,900,capsule,598,477,717,574
IMG_20191101_220522.jpg,1200,900,capsule,707,505,834,610
IMG_20191101_220522.jpg,1200,900,capsule,810,525,931,633
IMG_20191101_220522.jpg,1200,900,capsule,344,548,479,671
IMG_20191101_220522.jpg,1200,900,capsule,451,579,587,703
IMG_20191101_220522.jpg,1200,900,capsule,562,609,687,733
IMG_20191101_220522.jpg,1200,900,capsule,666,634,798,760
IMG_20191101_220522.jpg,1200,900,capsule,777,648,916,779
IMG_20191101_220106.jpg,1200,900,tablet,261,466,437,654
IMG_20191101_220106.jpg,1200,900,tablet,353,388,549,578
IMG_20191101_220106.jpg,1200,900,tablet,501,262,727,479
IMG_20191101_220106.jpg,1200,900,tablet,532,438,719,613
IMG_20191101_220106.jpg,1200,900,tablet,670,375,884,591
IMG_20191004_235534.jpg,1200,900,capsule,175,230,339,370
IMG_20191004_235534.jpg,1200,900,capsule,353,216,509,364
IMG_20191004_235534.jpg,1200,900,capsule,517,216,677,362
IMG_20191004_235534.jpg,1200,900,capsule,697,218,849,360
IMG_20191004_235534.jpg,1200,900,capsule,877,216,1021,354
IMG_20191004_235534.jpg,1200,900,capsule,175,404,325,566
IMG_20191004_235534.jpg,1200,900,capsule,365,382,525,554
IMG_20191004_235534.jpg,1200,900,capsule,553,378,705,538
IMG_20191004_235534.jpg,1200,900,capsule,711,380,859,550
IMG_20191004_235534.jpg,1200,900,capsule,889,372,1033,540
IMG_20191005_123126.jpg,900,1200,tablet,332,226,468,365
IMG_20191005_123126.jpg,900,1200,tablet,490,256,635,395
IMG_20191005_123126.jpg,900,1200,tablet,294,370,443,523
IMG_20191005_123126.jpg,900,1200,tablet,473,408,614,553
IMG_20191005_123126.jpg,900,1200,tablet,443,569,591,717
IMG_20191005_123126.jpg,900,1200,tablet,262,535,416,683
IMG_20191005_123126.jpg,900,1200,tablet,223,710,387,873
IMG_20191005_123126.jpg,900,1200,tablet,405,739,581,904
IMG_20191005_123126.jpg,900,1200,tablet,181,904,352,1077
IMG_20191005_123126.jpg,900,1200,tablet,379,926,553,1121
IMG_20191005_123728.jpg,1200,900,tablet,539,586,627,654
IMG_20191101_210228.jpg,1200,900,tablet,271,383,382,492
IMG_20191101_210228.jpg,1200,900,tablet,401,377,512,486
IMG_20191101_210228.jpg,1200,900,tablet,531,377,642,486
IMG_20191101_210228.jpg,1200,900,tablet,665,374,776,483
IMG_20191101_210228.jpg,1200,900,tablet,795,371,906,480
IMG_20191101_210228.jpg,1200,900,tablet,811,524,922,633
IMG_20191101_210228.jpg,1200,900,tablet,678,527,789,636
IMG_20191101_210228.jpg,1200,900,tablet,547,529,658,638
IMG_20191101_210228.jpg,1200,900,tablet,404,537,515,646
IMG_20191101_210228.jpg,1200,900,tablet,256,542,367,651
IMG_20191005_123742.jpg,900,1200,tablet,601,497,701,621
IMG_20191005_122548.jpg,1200,900,tablet,532,306,595,377
IMG_20191005_122548.jpg,1200,900,tablet,643,338,712,406
IMG_20191005_122548.jpg,1200,900,tablet,754,368,819,433
IMG_20191005_122548.jpg,1200,900,tablet,611,442,677,508
IMG_20191005_122548.jpg,1200,900,tablet,720,470,784,533
IMG_20191101_210236.jpg,900,1200,tablet,196,162,333,317
IMG_20191101_210236.jpg,900,1200,tablet,414,158,551,313
IMG_20191101_210236.jpg,900,1200,tablet,419,344,556,499
IMG_20191101_210236.jpg,900,1200,tablet,204,349,341,504
IMG_20191101_210236.jpg,900,1200,tablet,213,528,350,683
IMG_20191101_210236.jpg,900,1200,tablet,418,524,555,679
IMG_20191101_210236.jpg,900,1200,tablet,432,684,569,839
IMG_20191101_210236.jpg,900,1200,tablet,219,702,356,857
IMG_20191101_210236.jpg,900,1200,tablet,226,870,363,1025
IMG_20191101_210236.jpg,900,1200,tablet,435,868,572,1023
IMG_20191101_220042.jpg,900,1200,tablet,436,161,618,345
IMG_20191101_220042.jpg,900,1200,tablet,189,421,403,644
IMG_20191101_220042.jpg,900,1200,tablet,374,557,568,749
IMG_20191101_220042.jpg,900,1200,tablet,468,399,668,594
IMG_20191101_220042.jpg,900,1200,tablet,556,576,762,785
IMG_20191101_220042.jpg,900,1200,tablet,120,873,318,1076
IMG_20191101_220042.jpg,900,1200,tablet,389,749,593,945
IMG_20191101_220042.jpg,900,1200,tablet,586,769,793,980
IMG_20191005_122552.jpg,1200,900,tablet,509,309,570,370
IMG_20191005_122552.jpg,1200,900,tablet,601,340,660,404
IMG_20191005_122552.jpg,1200,900,tablet,690,372,739,428
IMG_20191005_122552.jpg,1200,900,tablet,594,442,658,511
IMG_20191005_122552.jpg,1200,900,tablet,679,464,739,534
IMG_20191005_122855.jpg,1200,900,tablet,733,324,843,442
IMG_20191005_122855.jpg,1200,900,tablet,888,434,991,534
IMG_20191005_122855.jpg,1200,900,tablet,601,518,713,629
IMG_20191005_122855.jpg,1200,900,tablet,745,613,868,731
images.jpeg,225,225,tablet,57,30,82,55
images.jpeg,225,225,tablet,100,29,126,56
images.jpeg,225,225,tablet,142,28,167,55
images.jpeg,225,225,tablet,58,78,83,107
images.jpeg,225,225,tablet,100,79,126,106
images.jpeg,225,225,tablet,142,77,168,107
images.jpeg,225,225,tablet,144,129,168,155
images.jpeg,225,225,tablet,100,128,126,156
images.jpeg,225,225,tablet,58,128,82,155
images.jpeg,225,225,tablet,60,181,80,206
images.jpeg,225,225,tablet,102,181,125,205
images.jpeg,225,225,tablet,143,180,168,206
IMG_20191004_235524.jpg,1200,900,capsule,688,254,728,333
IMG_20191004_235524.jpg,1200,900,capsule,763,295,811,381
IMG_20191004_235524.jpg,1200,900,capsule,638,306,684,398
IMG_20191004_235524.jpg,1200,900,capsule,713,355,766,449
IMG_20191004_235524.jpg,1200,900,capsule,583,353,628,455
IMG_20191004_235524.jpg,1200,900,capsule,658,406,711,509
IMG_20191004_235524.jpg,1200,900,capsule,525,420,573,515
IMG_20191004_235524.jpg,1200,900,capsule,601,470,651,570
IMG_20191004_235524.jpg,1200,900,capsule,456,483,509,589
IMG_20191004_235524.jpg,1200,900,capsule,539,548,594,654
IMG_20191101_220039.jpg,900,1200,tablet,367,373,446,457
IMG_20191101_220039.jpg,900,1200,tablet,293,524,374,612
IMG_20191101_220039.jpg,900,1200,tablet,393,478,480,569
IMG_20191101_220039.jpg,900,1200,tablet,362,559,441,653
IMG_20191101_220039.jpg,900,1200,tablet,435,558,523,649
IMG_20191101_220039.jpg,900,1200,tablet,275,708,365,808
IMG_20191101_220039.jpg,900,1200,tablet,371,645,461,738
IMG_20191101_220039.jpg,900,1200,tablet,453,645,556,742
IMG_20191005_122415.jpg,900,1200,capsule,215,281,355,433
IMG_20191005_122415.jpg,900,1200,capsule,379,290,507,452
IMG_20191005_122415.jpg,900,1200,capsule,205,436,334,578
IMG_20191005_122415.jpg,900,1200,capsule,365,455,488,593
IMG_20191005_122415.jpg,900,1200,capsule,196,586,324,714
IMG_20191005_122415.jpg,900,1200,capsule,346,605,469,738
IMG_20191005_122415.jpg,900,1200,capsule,184,724,307,850
images (1).jpeg,300,168,capsule,147,130,204,155
images (1).jpeg,300,168,capsule,211,156,265,168
images (1).jpeg,300,168,capsule,241,88,294,114
images (1).jpeg,300,168,capsule,225,121,281,146
images (1).jpeg,300,168,capsule,166,95,219,119
images (1).jpeg,300,168,capsule,177,33,228,76
images (1).jpeg,300,168,capsule,147,1,197,32
images (1).jpeg,300,168,capsule,190,1,234,24
images (1).jpeg,300,168,capsule,233,1,266,13
images (1).jpeg,300,168,capsule,248,17,297,52
images (1).jpeg,300,168,capsule,284,7,300,25
images (1).jpeg,300,168,capsule,212,25,262,64
images (1).jpeg,300,168,capsule,35,48,93,76
images (1).jpeg,300,168,capsule,106,56,167,84
images (1).jpeg,300,168,capsule,40,22,97,51
images (1).jpeg,300,168,capsule,110,31,163,58
images (1).jpeg,300,168,capsule,46,1,101,25
images (1).jpeg,300,168,capsule,115,9,153,30
images (1).jpeg,300,168,tablet,33,136,63,164
images (1).jpeg,300,168,tablet,71,114,96,136
images (1).jpeg,300,168,tablet,98,89,126,112
images (1).jpeg,300,168,tablet,2,14,25,37
images (1).jpeg,300,168,tablet,2,61,25,89
images (1).jpeg,300,168,tablet,33,86,62,113
images (1).jpeg,300,168,tablet,1,109,27,140
IMG_20191005_123150.jpg,1200,900,tablet,505,75,617,183
IMG_20191005_123150.jpg,1200,900,tablet,634,112,751,227
IMG_20191005_123150.jpg,1200,900,tablet,456,190,568,305
IMG_20191005_123150.jpg,1200,900,tablet,585,230,710,346
IMG_20191005_123150.jpg,1200,900,tablet,398,310,524,430
IMG_20191005_123150.jpg,1200,900,tablet,541,352,664,488
IMG_20191005_123150.jpg,1200,900,tablet,331,439,466,578
IMG_20191005_123150.jpg,1200,900,tablet,480,486,612,627
IMG_20191005_123150.jpg,1200,900,tablet,261,583,402,730
IMG_20191005_123150.jpg,1200,900,tablet,419,634,556,776
IMG_20191004_235509.jpg,1200,900,capsule,733,189,806,326
IMG_20191004_235509.jpg,1200,900,capsule,810,303,884,440
IMG_20191004_235509.jpg,1200,900,capsule,616,263,683,393
IMG_20191004_235509.jpg,1200,900,capsule,696,376,765,513
IMG_20191004_235509.jpg,1200,900,capsule,501,325,580,463
IMG_20191004_235509.jpg,1200,900,capsule,576,446,649,591
IMG_20191004_235509.jpg,1200,900,capsule,386,399,459,536
IMG_20191004_235509.jpg,1200,900,capsule,460,518,536,661
IMG_20191004_235509.jpg,1200,900,capsule,270,469,339,616
IMG_20191004_235509.jpg,1200,900,capsule,339,591,420,738
IMG_20191101_220718.jpg,900,1200,tablet,334,442,446,547
IMG_20191101_220718.jpg,900,1200,tablet,563,406,679,516
IMG_20191101_220718.jpg,900,1200,tablet,798,368,900,488
IMG_20191101_220718.jpg,900,1200,tablet,355,642,468,749
IMG_20191101_220718.jpg,900,1200,tablet,605,602,717,719
IMG_20191101_220718.jpg,900,1200,tablet,841,571,900,680
